Sensor_ID;MAPE (%);MAE;RMSE;R2;Mean_Error;Std_Error
Sensor_R1;4,5524;0,6558;1,053;0,962;-0,0307;1,0525
Sensor_R2;4,6833;0,8037;1,1986;0,9667;-0,0715;1,1964
Sensor_R3;4,198;0,8805;1,2991;0,9666;0,0226;1,2989
Sensor_R4;5,3764;1,1742;1,6336;0,9392;0,3092;1,6041
Sensor_R5;4,0836;1,3176;2,0479;0,9398;0,5209;1,9805
Sensor_R6;4,0812;1,1374;1,7594;0,954;-0,174;1,7507
Sensor_R7;3,9057;1,2432;1,9347;0,9432;0,4656;1,8779
Sensor_R8;8,6756;2,7311;4,0468;0,8562;1,1925;3,8671
Sensor_R9;9,5416;2,5195;3,8073;0,8817;0,5924;3,761
Sensor_R10;8,732;2,3339;3,668;0,9018;0,4665;3,6382
Sensor_R11;8,2206;2,6362;4,0413;0,8788;1,3171;3,8206
Sensor_R12;6,9945;1,9687;3,2329;0,8955;0,5518;3,1855
Sensor_R13;9,6531;2,388;3,8601;0,8686;0,3598;3,8433
Sensor_R14;9,4065;3,0877;4,6025;0,87;1,4652;4,3631
