The cat sits on the mat.	Le chat est assis sur le tapis.
I love drinking coffee in the morning.	J’aime boire du café le matin.
She bought a new red dress.	Elle a acheté une nouvelle robe rouge.
The train arrives at nine o’clock.	Le train arrive à neuf heures.
They are playing football in the park.	Ils jouent au football dans le parc.
My brother works as a teacher.	Mon frère travaille comme enseignant.
The weather is sunny today.	Le temps est ensoleillé aujourd’hui.
Can you pass the salt, please?	Pouvez‑vous passer le sel, s’il vous plaît ?
He reads a book every night.	Il lit un livre chaque nuit.
The children are laughing loudly.	Les enfants rient fort.
We will travel to Paris next summer.	Nous voyagerons à Paris l’été prochain.
I forgot my keys at home.	J’ai oublié mes clés à la maison.
She sings beautifully.	Elle chante magnifiquement.
The dog chased the ball.	Le chien a poursuivi la balle.
My phone battery is dead.	La batterie de mon téléphone est à plat.
He drives a fast car.	Il conduit une voiture rapide.
The restaurant serves delicious pasta.	Le restaurant sert des pâtes délicieuses.
I need to buy some groceries.	J’ai besoin d’acheter des courses.
The movie was very exciting.	Le film était très excitant.
She has two brothers and one sister.	Elle a deux frères et une sœur.
The river flows through the city.	La rivière traverse la ville.
I will call you tomorrow.	Je t’appellerai demain.
The computer is not turning on.	L’ordinateur ne s’allume pas.
He likes to paint landscapes.	Il aime peindre des paysages.
The bus stop is near the library.	Le arrêt de bus est près de la bibliothèque.
We ate sushi for dinner.	Nous avons mangé des sushis au dîner.
The garden is full of roses.	Le jardin est plein de roses.
She studies mathematics at university.	Elle étudie les mathématiques à l’université.
My favorite sport is swimming.	Mon sport préféré est la natation.
The concert starts at eight p.m.	Le concert commence à huit heures du soir.
He broke his leg while skiing.	Il s’est cassé la jambe en skiant.
I enjoy reading mystery novels.	J’apprécie lire des romans policiers.
The bakery sells fresh bread.	La boulangerie vend du pain frais.
She is learning to play the piano.	Elle apprend à jouer du piano.
The sky turned dark before the storm.	Le ciel est devenu sombre avant la tempête.
They adopted a small kitten.	Ils ont adopté un petit chaton.
I forgot to lock the door.	J’ai oublié de verrouiller la porte.
The airplane landed safely.	L’avion a atterri en toute sécurité.
He writes poems in his free time.	Il écrit des poèmes pendant son temps libre.
The museum opens at ten o’clock.	Le musée ouvre à dix heures.
She works in a big company.	Elle travaille dans une grande entreprise.
The coffee is too hot.	Le café est trop chaud.
We need more information.	Nous avons besoin de plus d’informations.
He traveled across Europe last year.	Il a voyagé à travers l’Europe l’an dernier.
The child is learning to ride a bike.	L’enfant apprend à faire du vélo.
My sister lives in Canada.	Ma sœur vit au Canada.
The river is freezing in winter.	La rivière gèle en hiver.
He always arrives early.	Il arrive toujours tôt.
The book was written in 1920.	Le livre a été écrit en 1920.
She baked a chocolate cake.	Elle a fait un gâteau au chocolat.
The office is closed on weekends.	Le bureau est fermé le week‑end.
I need a cup of tea.	J’ai besoin d’une tasse de thé.
 The stars are bright tonight.	Les étoiles brillent ce soir.
 He answered the question correctly.	Il a répondu correctement à la question.
 The market sells fresh fruits.	Le marché vend des fruits frais.
 She went to the doctor for a check‑up.	Elle est allée chez le médecin pour un bilan de santé.
 The laptop is on the table.	L’ordinateur portable est sur la table.
 They built a new bridge.	Ils ont construit un nouveau pont.
 My grandparents love gardening.	Mes grands‑parents aiment le jardinage.
 The bus is delayed due to traffic.	Le bus est retardé à cause du trafic.
 He forgot his password.	Il a oublié son mot de passe.
 The soup tastes salty.	La soupe est salée.
 She enjoys hiking in the mountains.	Elle aime faire de la randonnée en montagne.
 The alarm clock rang at six.	Le réveil a sonné à six heures.
 They watched the sunrise together.	Ils ont regardé le lever du soleil ensemble.
 The shop offers a discount today.	Le magasin propose une réduction aujourd’hui.
 He is allergic to peanuts.	Il est allergique aux arachides.
 The kitten is playing with a ball of yarn.	Le chaton joue avec une pelote de laine.
 I will meet you at the station.	Je te retrouverai à la gare.
 The riverbank is covered with reeds.	La rive est couverte de roseaux.
 She painted the wall blue.	Elle a peint le mur en bleu.
 The train ticket costs ten euros.	Le billet de train coûte dix euros.
 He prefers tea over coffee.	Il préfère le thé au café.
 The garden needs watering.	Le jardin a besoin d’être arrosé.
 They celebrated his birthday.	Ils ont célébré son anniversaire.
 The car needs an oil change.	La voiture a besoin d’une vidange.
 She wrote a letter to her friend.	Elle a écrit une lettre à son ami.
 The hotel has a swimming pool.	L’hôtel possède une piscine.
 He solved the puzzle quickly.	Il a résolu le puzzle rapidement.
 The city lights sparkle at night.	Les lumières de la ville scintillent la nuit.
 I bought a ticket for the concert.	J’ai acheté un billet pour le concert.
 The doctor prescribed medicine.	Le médecin a prescrit des médicaments.
 She whispered a secret.	Elle a chuchoté un secret.
 The wind is blowing strongly.	Le vent souffle fort.
 They are building a new school.	Ils construisent une nouvelle école.
 The coffee shop is on the corner.	Le café se trouve au coin de la rue.
 He likes to collect stamps.	Il aime collectionner les timbres.
 The beach is crowded in summer.	La plage est bondée en été.
 She wore a beautiful necklace.	Elle portait un beau collier.
 The computer screen is cracked.	L’écran de l’ordinateur est fissuré.
 He offered to help us.	Il a proposé de nous aider.
 The river is deep here.	La rivière est profonde ici.
 I need to finish this report.	Je dois terminer ce rapport.
 The garden contains many herbs.	Le jardin contient de nombreuses herbes.
 She answered the phone politely.	Elle a répondu au téléphone poliment.
 The museum displays ancient artifacts.	Le musée expose des artefacts anciens.
 He was late because of traffic.	Il était en retard à cause du trafic.
 The cat chased the mouse.	Le chat a poursuivi la souris.
 She likes to read poetry.	Elle aime lire de la poésie.
1The stars shine brightly tonight.	Les étoiles brillent intensément ce soir.